"metaDataInfo__Host name","metaDataInfo__Exported by","metaDataInfo__Export time","metaDataInfo__Ranger apache version","policies__service","policies__name","policies__policyType","policies__description","policies__isAuditEnabled","policies__resources__url__values__-","policies__resources__url__isExcludes","policies__resources__url__isRecursive","policies__resources__|","policies__resources__|__values__001","policies__resources__|__values__002","policies__resources__|__values__003","policies__resources__|__isExcludes","policies__resources__|__isRecursive","policies__rowFilterPolicyItems__rowFilterInfo__filterExpr","policies__rowFilterPolicyItems__accesses__type","policies__rowFilterPolicyItems__accesses__isAllowed","policies__rowFilterPolicyItems__users__-","policies__rowFilterPolicyItems__delegateAdmin","policies__policyItems__accesses__type","policies__policyItems__accesses__isAllowed","policies__policyItems__users__001","policies__policyItems__users__002","policies__policyItems__groups__001","policies__policyItems__groups__002","policies__policyItems__groups__003","policies__policyItems__users__003","policies__policyItems__users__004","policies__policyItems__users__005","policies__policyItems__users__006","policies__policyItems__users__007","policies__policyItems__users__008","policies__policyItems__users__009","policies__policyItems__users__010","policies__policyItems__users__011","policies__policyItems__users__012","policies__policyItems__delegateAdmin","policies__id","policies__isEnabled","policies__version","startIndex","pageSize","totalCount","resultSize","queryTimeMS"
"alphd1px000.dlx.idc.ge.com","admin","Aug 15, 2018 10:38:32 PM","0.7.0.2.6.2.0-205","dlxprd_hive","all - database, table, column","0","Policy for all - database, table, column","True","","","","database","*","","","False","False","","","","","","select","True","hive","rangerlookup","","","","ambari-qa","ramkee","anoopkum","gouthamg","admin","hdfs","","","","","True","25","True","13","0","0","0","0","1534372712395"
"","","","","","","","","","","","","column","*","","","False","False","","","","","","update","True","","","","","","","","","","","","","","","","","","","","","","","",""
"","","","","","","","","","","","","table","*","","","False","False","","","","","","create","True","","","","","","","","","","","","","","","","","","","","","","","",""
"","","","","","","","","","","","","","","","","","","","","","","","drop","True","","","","","","","","","","","","","","","","","","","","","","","",""
"","","","","","","","","","","","","","","","","","","","","","","","alter","True","","","","","","","","","","","","","","","","","","","","","","","",""
"","","","","","","","","","","","","","","","","","","","","","","","index","True","","","","","","","","","","","","","","","","","","","","","","","",""
"","","","","","","","","","","","","","","","","","","","","","","","lock","True","","","","","","","","","","","","","","","","","","","","","","","",""
"","","","","","","","","","","","","","","","","","","","","","","","all","True","","","","","","","","","","","","","","","","","","","","","","","",""
"","","","","","","","","","","","","","","","","","","","","","","","select","True","lg637366sv","","","","","","","","","","","","","","","False","","","","","","","",""
"","","","","dlxprd_hive","all - database, udf","0","Policy for all - database, udf","True","","","","database","*","","","False","False","","","","","","select","True","hive","rangerlookup","","","","ambari-qa","ramkee","gouthamg","","","","","","","","True","26","True","9","","","","",""
"","","","","","","","","","","","","udf","*","","","False","False","","","","","","update","True","","","","","","","","","","","","","","","","","","","","","","","",""
"","","","","","","","","","","","","","","","","","","","","","","","create","True","","","","","","","","","","","","","","","","","","","","","","","",""
"","","","","","","","","","","","","","","","","","","","","","","","drop","True","","","","","","","","","","","","","","","","","","","","","","","",""
"","","","","","","","","","","","","","","","","","","","","","","","alter","True","","","","","","","","","","","","","","","","","","","","","","","",""
"","","","","","","","","","","","","","","","","","","","","","","","index","True","","","","","","","","","","","","","","","","","","","","","","","",""
"","","","","","","","","","","","","","","","","","","","","","","","lock","True","","","","","","","","","","","","","","","","","","","","","","","",""
"","","","","","","","","","","","","","","","","","","","","","","","all","True","","","","","","","","","","","","","","","","","","","","","","","",""
"","","","","dlxprd_hive","qatest","0","","True","","","","database","qatest","","","False","False","","","","","","select","True","sureshs","lavanyam","qatest","","","","","","","","","","","","","False","34","True","3","","","","",""
"","","","","","","","","","","","","column","*","","","False","False","","","","","","update","True","","","","","","","","","","","","","","","","","","","","","","","",""
"","","","","","","","","","","","","table","*","","","False","False","","","","","","create","True","","","","","","","","","","","","","","","","","","","","","","","",""
"","","","","","","","","","","","","","","","","","","","","","","","drop","True","","","","","","","","","","","","","","","","","","","","","","","",""
"","","","","","","","","","","","","","","","","","","","","","","","alter","True","","","","","","","","","","","","","","","","","","","","","","","",""
"","","","","","","","","","","","","","","","","","","","","","","","index","True","","","","","","","","","","","","","","","","","","","","","","","",""
"","","","","","","","","","","","","","","","","","","","","","","","lock","True","","","","","","","","","","","","","","","","","","","","","","","",""
"","","","","","","","","","","","","","","","","","","","","","","","all","True","","","","","","","","","","","","","","","","","","","","","","","",""
"","","","","","","","","","","","","","","","","","","","","","","","select","True","chalamab","","","","","","","","","","","","","","","False","","","","","","","",""
"","","","","","","","","","","","","","","","","","","","","","","","update","True","","","","","","","","","","","","","","","","","","","","","","","",""
"","","","","","","","","","","","","","","","","","","","","","","","create","True","","","","","","","","","","","","","","","","","","","","","","","",""
"","","","","","","","","","","","","","","","","","","","","","","","drop","True","","","","","","","","","","","","","","","","","","","","","","","",""
"","","","","","","","","","","","","","","","","","","","","","","","alter","True","","","","","","","","","","","","","","","","","","","","","","","",""
"","","","","","","","","","","","","","","","","","","","","","","","index","True","","","","","","","","","","","","","","","","","","","","","","","",""
"","","","","","","","","","","","","","","","","","","","","","","","lock","True","","","","","","","","","","","","","","","","","","","","","","","",""
"","","","","","","","","","","","","","","","","","","","","","","","all","True","","","","","","","","","","","","","","","","","","","","","","","",""
"","","","","dlxprd_hive","finance2","0","","True","","","","database","finance2","","","False","False","","","","","","select","True","chandras","bhaskars","finance","presto","","viveks","wissen","bhattacharyal","rajeshws","sagars","andrash","giriv","chandrakant","","","True","35","True","17","","","","",""
"","","","","","","","","","","","","column","*","","","False","False","","","","","","update","True","","","","","","","","","","","","","","","","","","","","","","","",""
"","","","","","","","","","","","","table","*","","","False","False","","","","","","create","True","","","","","","","","","","","","","","","","","","","","","","","",""
"","","","","","","","","","","","","","","","","","","","","","","","drop","True","","","","","","","","","","","","","","","","","","","","","","","",""
"","","","","","","","","","","","","","","","","","","","","","","","alter","True","","","","","","","","","","","","","","","","","","","","","","","",""
"","","","","","","","","","","","","","","","","","","","","","","","index","True","","","","","","","","","","","","","","","","","","","","","","","",""
"","","","","","","","","","","","","","","","","","","","","","","","lock","True","","","","","","","","","","","","","","","","","","","","","","","",""
"","","","","","","","","","","","","","","","","","","","","","","","all","True","","","","","","","","","","","","","","","","","","","","","","","",""
"","","","","","","","","","","","","","","","","","","","","","","","select","True","chandrakant","viveksaxena","","","","andrash","finprdtld","viralp","rajdeep","sachdes","sharmas","","","","","False","","","","","","","",""
"","","","","","","","","","","","","","","","","","","","","","","","update","True","","","","","","","","","","","","","","","","","","","","","","","",""
"","","","","","","","","","","","","","","","","","","","","","","","create","True","","","","","","","","","","","","","","","","","","","","","","","",""
"","","","","","","","","","","","","","","","","","","","","","","","drop","True","","","","","","","","","","","","","","","","","","","","","","","",""
"","","","","","","","","","","","","","","","","","","","","","","","alter","True","","","","","","","","","","","","","","","","","","","","","","","",""
"","","","","","","","","","","","","","","","","","","","","","","","index","True","","","","","","","","","","","","","","","","","","","","","","","",""
"","","","","","","","","","","","","","","","","","","","","","","","lock","True","","","","","","","","","","","","","","","","","","","","","","","",""
"","","","","","","","","","","","","","","","","","","","","","","","all","True","","","","","","","","","","","","","","","","","","","","","","","",""
"","","","","","","","","","","","","","","","","","","","","","","","select","True","obiee","tableau","","","","talend","daas","","","","","","","","","False","","","","","","","",""
"","","","","","","","","","","","","","","","","","","","","","","","index","True","","","","","","","","","","","","","","","","","","","","","","","",""
"","","","","dlxprd_hive","mdp_onwatch","0","onwatch","True","","","","database","onwatch","","","False","False","","","","","","select","True","lg581099","lg569630","hadoop","ops","","veeramav","","","","","","","","","","False","38","True","9","","","","",""
"","","","","","","","","","","","","column","*","","","False","False","","","","","","update","True","","","","","","","","","","","","","","","","","","","","","","","",""
"","","","","","","","","","","","","table","*","","","False","False","","","","","","create","True","","","","","","","","","","","","","","","","","","","","","","","",""
"","","","","","","","","","","","","","","","","","","","","","","","drop","True","","","","","","","","","","","","","","","","","","","","","","","",""
"","","","","","","","","","","","","","","","","","","","","","","","alter","True","","","","","","","","","","","","","","","","","","","","","","","",""
"","","","","","","","","","","","","","","","","","","","","","","","index","True","","","","","","","","","","","","","","","","","","","","","","","",""
"","","","","","","","","","","","","","","","","","","","","","","","lock","True","","","","","","","","","","","","","","","","","","","","","","","",""
"","","","","","","","","","","","","","","","","","","","","","","","all","True","","","","","","","","","","","","","","","","","","","","","","","",""
"","","","","","","","","","","","","","","","","","","","","","","","select","True","lg738238","502738238","","","","","","","","","","","","","","True","","","","","","","",""
"","","","","","","","","","","","","","","","","","","","","","","","update","True","","","","","","","","","","","","","","","","","","","","","","","",""
"","","","","","","","","","","","","","","","","","","","","","","","create","True","","","","","","","","","","","","","","","","","","","","","","","",""
"","","","","","","","","","","","","","","","","","","","","","","","drop","True","","","","","","","","","","","","","","","","","","","","","","","",""
"","","","","","","","","","","","","","","","","","","","","","","","alter","True","","","","","","","","","","","","","","","","","","","","","","","",""
"","","","","","","","","","","","","","","","","","","","","","","","index","True","","","","","","","","","","","","","","","","","","","","","","","",""
"","","","","","","","","","","","","","","","","","","","","","","","lock","True","","","","","","","","","","","","","","","","","","","","","","","",""
"","","","","","","","","","","","","","","","","","","","","","","","all","True","","","","","","","","","","","","","","","","","","","","","","","",""
"","","","","","","","","","","","","","","","","","","","","","","","select","True","de340720","veeramav","g00022","","","","","","","","","","","","","False","","","","","","","",""
"","","","","dlxprd_hive","onwatch_UDF","0","onwatch_UDF","True","","","","database","onwatch","*","","False","False","","","","","","select","True","lg581099","","g00022","ops","","","","","","","","","","","","True","39","True","6","","","","",""
"","","","","","","","","","","","","udf","*","","","False","False","","","","","","update","True","","","","","","","","","","","","","","","","","","","","","","","",""
"","","","","","","","","","","","","","","","","","","","","","","","create","True","","","","","","","","","","","","","","","","","","","","","","","",""
"","","","","","","","","","","","","","","","","","","","","","","","drop","True","","","","","","","","","","","","","","","","","","","","","","","",""
"","","","","","","","","","","","","","","","","","","","","","","","alter","True","","","","","","","","","","","","","","","","","","","","","","","",""
"","","","","","","","","","","","","","","","","","","","","","","","index","True","","","","","","","","","","","","","","","","","","","","","","","",""
"","","","","","","","","","","","","","","","","","","","","","","","lock","True","","","","","","","","","","","","","","","","","","","","","","","",""
"","","","","","","","","","","","","","","","","","","","","","","","all","True","","","","","","","","","","","","","","","","","","","","","","","",""
"","","","","dlxprd_hive","prd_curr_data","2","","True","","","","database","finprod","","","False","False","del_flag = 0","select","True","chandras","False","","","","","","","","","","","","","","","","","","","43","True","6","","","","",""
"","","","","","","","","","","","","table","*","","","False","False","","","","","","","","","","","","","","","","","","","","","","","","","","","","","","",""
"","","","","dlxprd_hive","db_access","0","","True","","","","database","finprod","finance","finance2","False","False","","","","","","select","True","finprdtld","hive","talend","finance","","","","","","","","","","","","False","45","True","6","","","","",""
"","","","","","","","","","","","","column","*","","","False","False","","","","","","update","True","","","","","","","","","","","","","","","","","","","","","","","",""
"","","","","","","","","","","","","table","*","","","False","False","","","","","","create","True","","","","","","","","","","","","","","","","","","","","","","","",""
"","","","","","","","","","","","","","","","","","","","","","","","drop","True","","","","","","","","","","","","","","","","","","","","","","","",""
"","","","","dlxprd_hive","finance","0","finance","True","","","","database","finance","","","False","False","","","","","","select","True","chandrakant","chandras","","","","viveks","finprdtld","venkatg","giriv","","","","","","","True","47","True","5","","","","",""
"","","","","","","","","","","","","column","*","","","False","False","","","","","","update","True","","","","","","","","","","","","","","","","","","","","","","","",""
"","","","","","","","","","","","","table","*","","","False","False","","","","","","create","True","","","","","","","","","","","","","","","","","","","","","","","",""
"","","","","","","","","","","","","","","","","","","","","","","","drop","True","","","","","","","","","","","","","","","","","","","","","","","",""
"","","","","","","","","","","","","","","","","","","","","","","","alter","True","","","","","","","","","","","","","","","","","","","","","","","",""
"","","","","","","","","","","","","","","","","","","","","","","","index","True","","","","","","","","","","","","","","","","","","","","","","","",""
"","","","","","","","","","","","","","","","","","","","","","","","lock","True","","","","","","","","","","","","","","","","","","","","","","","",""
"","","","","","","","","","","","","","","","","","","","","","","","all","True","","","","","","","","","","","","","","","","","","","","","","","",""
"","","","","","","","","","","","","","","","","","","","","","","","select","True","sachdes","sharmas","finance","presto","","rajdeep","","","","","","","","","","False","","","","","","","",""
"","","","","","","","","","","","","","","","","","","","","","","","update","True","","","","","","","","","","","","","","","","","","","","","","","",""
"","","","","","","","","","","","","","","","","","","","","","","","create","True","","","","","","","","","","","","","","","","","","","","","","","",""
"","","","","","","","","","","","","","","","","","","","","","","","drop","True","","","","","","","","","","","","","","","","","","","","","","","",""
"","","","","","","","","","","","","","","","","","","","","","","","alter","True","","","","","","","","","","","","","","","","","","","","","","","",""
"","","","","","","","","","","","","","","","","","","","","","","","index","True","","","","","","","","","","","","","","","","","","","","","","","",""
"","","","","","","","","","","","","","","","","","","","","","","","lock","True","","","","","","","","","","","","","","","","","","","","","","","",""
"","","","","","","","","","","","","","","","","","","","","","","","all","True","","","","","","","","","","","","","","","","","","","","","","","",""
"","","","","","","","","","","","","","","","","","","","","","","","select","True","307003022","502574885","","","","502682869","","","","","","","","","","False","","","","","","","",""
"","","","","","","","","","","","","","","","","","","","","","","","index","True","","","","","","","","","","","","","","","","","","","","","","","",""
"","","","","","","","","","","","","","","","","","","","","","","","lock","True","","","","","","","","","","","","","","","","","","","","","","","",""
"","","","","dlxprd_hive","finprod","0","finprod","True","","","","database","finprod","","","False","False","","","","","","select","True","sachdes","","finance","presto","","","","","","","","","","","","False","48","True","4","","","","",""
"","","","","","","","","","","","","column","*","","","False","False","","","","","","update","True","","","","","","","","","","","","","","","","","","","","","","","",""
"","","","","","","","","","","","","table","*","","","False","False","","","","","","create","True","","","","","","","","","","","","","","","","","","","","","","","",""
"","","","","","","","","","","","","","","","","","","","","","","","drop","True","","","","","","","","","","","","","","","","","","","","","","","",""
"","","","","","","","","","","","","","","","","","","","","","","","alter","True","","","","","","","","","","","","","","","","","","","","","","","",""
"","","","","","","","","","","","","","","","","","","","","","","","index","True","","","","","","","","","","","","","","","","","","","","","","","",""
"","","","","","","","","","","","","","","","","","","","","","","","lock","True","","","","","","","","","","","","","","","","","","","","","","","",""
"","","","","","","","","","","","","","","","","","","","","","","","all","True","","","","","","","","","","","","","","","","","","","","","","","",""
"","","","","","","","","","","","","","","","","","","","","","","","select","True","chandrakant","chandras","","","","","","","","","","","","","","True","","","","","","","",""
"","","","","","","","","","","","","","","","","","","","","","","","update","True","","","","","","","","","","","","","","","","","","","","","","","",""
"","","","","","","","","","","","","","","","","","","","","","","","create","True","","","","","","","","","","","","","","","","","","","","","","","",""
"","","","","","","","","","","","","","","","","","","","","","","","drop","True","","","","","","","","","","","","","","","","","","","","","","","",""
"","","","","","","","","","","","","","","","","","","","","","","","alter","True","","","","","","","","","","","","","","","","","","","","","","","",""
"","","","","","","","","","","","","","","","","","","","","","","","index","True","","","","","","","","","","","","","","","","","","","","","","","",""
"","","","","","","","","","","","","","","","","","","","","","","","lock","True","","","","","","","","","","","","","","","","","","","","","","","",""
"","","","","","","","","","","","","","","","","","","","","","","","all","True","","","","","","","","","","","","","","","","","","","","","","","",""
"","","","","","","","","","","","","","","","","","","","","","","","select","True","tableau","busobj","","","","spotfire","daas","jeffmil","tommya","rajeshwars","narayanap","bhattacharyal","obiee","rajdeep","502574885","False","","","","","","","",""
"","","","","","","","","","","","","","","","","","","","","","","","index","True","","","","","","","","","","","","","","","","","","","","","","","",""
"","","","","","","","","","","","","","","","","","","","","","","","lock","True","","","","","","","","","","","","","","","","","","","","","","","",""
"","","","","","","","","","","","","","","","","","","","","","","","select","True","finprdtld","viralp","","","","","","","","","","","","","","False","","","","","","","",""
"","","","","","","","","","","","","","","","","","","","","","","","update","True","","","","","","","","","","","","","","","","","","","","","","","",""
"","","","","","","","","","","","","","","","","","","","","","","","create","True","","","","","","","","","","","","","","","","","","","","","","","",""
"","","","","","","","","","","","","","","","","","","","","","","","drop","True","","","","","","","","","","","","","","","","","","","","","","","",""
"","","","","","","","","","","","","","","","","","","","","","","","alter","True","","","","","","","","","","","","","","","","","","","","","","","",""
"","","","","","","","","","","","","","","","","","","","","","","","index","True","","","","","","","","","","","","","","","","","","","","","","","",""
"","","","","","","","","","","","","","","","","","","","","","","","lock","True","","","","","","","","","","","","","","","","","","","","","","","",""
"","","","","","","","","","","","","","","","","","","","","","","","all","True","","","","","","","","","","","","","","","","","","","","","","","",""
"","","","","dlxprd_hive","findemo","0","Findemo for Finance group","True","","","","database","findemo","","","False","False","","","","","","select","True","","","presto","finance","","","","","","","","","","","","True","49","True","1","","","","",""
"","","","","","","","","","","","","column","*","","","False","False","","","","","","update","True","","","","","","","","","","","","","","","","","","","","","","","",""
"","","","","","","","","","","","","table","*","","","False","False","","","","","","create","True","","","","","","","","","","","","","","","","","","","","","","","",""
"","","","","","","","","","","","","","","","","","","","","","","","drop","True","","","","","","","","","","","","","","","","","","","","","","","",""
"","","","","","","","","","","","","","","","","","","","","","","","alter","True","","","","","","","","","","","","","","","","","","","","","","","",""
"","","","","","","","","","","","","","","","","","","","","","","","index","True","","","","","","","","","","","","","","","","","","","","","","","",""
"","","","","","","","","","","","","","","","","","","","","","","","lock","True","","","","","","","","","","","","","","","","","","","","","","","",""
"","","","","","","","","","","","","","","","","","","","","","","","all","True","","","","","","","","","","","","","","","","","","","","","","","",""
"","","","","","","","","","","","","","","","","","","","","","","","select","True","jeffmil","obiee","","","","busobj","tableau","finprdtld","bhattacharyal","rajeshws","","","","","","False","","","","","","","",""
"","","","","","","","","","","","","","","","","","","","","","","","create","True","","","","","","","","","","","","","","","","","","","","","","","",""
"","","","","","","","","","","","","","","","","","","","","","","","index","True","","","","","","","","","","","","","","","","","","","","","","","",""
"","","","","dlxprd_hive","db_reader","0","db_read","True","","","","database","finance","finprod","","False","False","","","","","","select","True","pranavs","","","","","","","","","","","","","","","False","50","True","1","","","","",""
"","","","","","","","","","","","","column","*","","","False","False","","","","","","create","True","","","","","","","","","","","","","","","","","","","","","","","",""
"","","","","","","","","","","","","table","*","","","False","False","","","","","","","","","","","","","","","","","","","","","","","","","","","","","","",""
"","","","","dlxprd_hive","ipm for g00022(UDF)","0","ipm for g00022(UDF)","True","","","","database","ipm","","","False","False","","","","","","select","True","lg581099","","g00022","","","","","","","","","","","","","False","51","True","2","","","","",""
"","","","","","","","","","","","","udf","*","","","False","False","","","","","","update","True","","","","","","","","","","","","","","","","","","","","","","","",""
"","","","","","","","","","","","","","","","","","","","","","","","create","True","","","","","","","","","","","","","","","","","","","","","","","",""
"","","","","","","","","","","","","","","","","","","","","","","","drop","True","","","","","","","","","","","","","","","","","","","","","","","",""
"","","","","","","","","","","","","","","","","","","","","","","","alter","True","","","","","","","","","","","","","","","","","","","","","","","",""
"","","","","","","","","","","","","","","","","","","","","","","","index","True","","","","","","","","","","","","","","","","","","","","","","","",""
"","","","","","","","","","","","","","","","","","","","","","","","lock","True","","","","","","","","","","","","","","","","","","","","","","","",""
"","","","","","","","","","","","","","","","","","","","","","","","all","True","","","","","","","","","","","","","","","","","","","","","","","",""
"","","","","dlxprd_hive","mdp_ipm","0","ipm for g00022","True","","","","database","ipm","","","False","False","","","","","","select","True","peterm","lg581099","","","","","","","","","","","","","","False","52","True","8","","","","",""
"","","","","","","","","","","","","column","*","","","False","False","","","","","","update","True","","","","","","","","","","","","","","","","","","","","","","","",""
"","","","","","","","","","","","","table","*","","","False","False","","","","","","create","True","","","","","","","","","","","","","","","","","","","","","","","",""
"","","","","","","","","","","","","","","","","","","","","","","","drop","True","","","","","","","","","","","","","","","","","","","","","","","",""
"","","","","","","","","","","","","","","","","","","","","","","","alter","True","","","","","","","","","","","","","","","","","","","","","","","",""
"","","","","","","","","","","","","","","","","","","","","","","","index","True","","","","","","","","","","","","","","","","","","","","","","","",""
"","","","","","","","","","","","","","","","","","","","","","","","lock","True","","","","","","","","","","","","","","","","","","","","","","","",""
"","","","","","","","","","","","","","","","","","","","","","","","all","True","","","","","","","","","","","","","","","","","","","","","","","",""
"","","","","","","","","","","","","","","","","","","","","","","","select","True","502738238","senthiln","","","","","","","","","","","","","","True","","","","","","","",""
"","","","","","","","","","","","","","","","","","","","","","","","update","True","","","","","","","","","","","","","","","","","","","","","","","",""
"","","","","","","","","","","","","","","","","","","","","","","","create","True","","","","","","","","","","","","","","","","","","","","","","","",""
"","","","","","","","","","","","","","","","","","","","","","","","drop","True","","","","","","","","","","","","","","","","","","","","","","","",""
"","","","","","","","","","","","","","","","","","","","","","","","alter","True","","","","","","","","","","","","","","","","","","","","","","","",""
"","","","","","","","","","","","","","","","","","","","","","","","index","True","","","","","","","","","","","","","","","","","","","","","","","",""
"","","","","","","","","","","","","","","","","","","","","","","","lock","True","","","","","","","","","","","","","","","","","","","","","","","",""
"","","","","","","","","","","","","","","","","","","","","","","","all","True","","","","","","","","","","","","","","","","","","","","","","","",""
"","","","","","","","","","","","","","","","","","","","","","","","select","True","ericpera","","g00022","","","","","","","","","","","","","False","","","","","","","",""
"","","","","dlxprd_hive","finstg","0","Created as per Finance team request.","True","","","","database","finstg","","","False","False","","","","","","select","True","finappadm","rajdeep","","","","chandras","chandrakant","finprdtld","giriv","sharmas","andrash","","","","","True","53","True","3","","","","",""
"","","","","","","","","","","","","column","*","","","False","False","","","","","","update","True","","","","","","","","","","","","","","","","","","","","","","","",""
"","","","","","","","","","","","","table","*","","","False","False","","","","","","create","True","","","","","","","","","","","","","","","","","","","","","","","",""
"","","","","","","","","","","","","","","","","","","","","","","","drop","True","","","","","","","","","","","","","","","","","","","","","","","",""
"","","","","","","","","","","","","","","","","","","","","","","","alter","True","","","","","","","","","","","","","","","","","","","","","","","",""
"","","","","","","","","","","","","","","","","","","","","","","","index","True","","","","","","","","","","","","","","","","","","","","","","","",""
"","","","","","","","","","","","","","","","","","","","","","","","lock","True","","","","","","","","","","","","","","","","","","","","","","","",""
"","","","","","","","","","","","","","","","","","","","","","","","all","True","","","","","","","","","","","","","","","","","","","","","","","",""
"","","","","","","","","","","","","","","","","","","","","","","","select","True","","","newfinance","finance","presto","","","","","","","","","","","False","","","","","","","",""
"","","","","","","","","","","","","","","","","","","","","","","","index","True","","","","","","","","","","","","","","","","","","","","","","","",""
"","","","","dlxprd_hive","finext","0","Created as per finance team request on 22nd May","True","","","","database","finext","","","False","False","","","","","","select","True","finappadm","rajdeep","","","","chandras","andrash","sharmas","giriv","finprdtld","aveekc","chandrakant","","","","True","54","True","7","","","","",""
"","","","","","","","","","","","","column","*","","","False","False","","","","","","update","True","","","","","","","","","","","","","","","","","","","","","","","",""
"","","","","","","","","","","","","table","*","","","False","False","","","","","","create","True","","","","","","","","","","","","","","","","","","","","","","","",""
"","","","","","","","","","","","","","","","","","","","","","","","drop","True","","","","","","","","","","","","","","","","","","","","","","","",""
"","","","","","","","","","","","","","","","","","","","","","","","alter","True","","","","","","","","","","","","","","","","","","","","","","","",""
"","","","","","","","","","","","","","","","","","","","","","","","index","True","","","","","","","","","","","","","","","","","","","","","","","",""
"","","","","","","","","","","","","","","","","","","","","","","","lock","True","","","","","","","","","","","","","","","","","","","","","","","",""
"","","","","","","","","","","","","","","","","","","","","","","","all","True","","","","","","","","","","","","","","","","","","","","","","","",""
"","","","","","","","","","","","","","","","","","","","","","","","read","True","","","","","","","","","","","","","","","","","","","","","","","",""
"","","","","","","","","","","","","","","","","","","","","","","","select","True","","","finance","presto","","","","","","","","","","","","False","","","","","","","",""
"","","","","","","","","","","","","","","","","","","","","","","","index","True","","","","","","","","","","","","","","","","","","","","","","","",""
"","","","","dlxprd_hive","fintmp","0","Created as per finance team request on 22nd May","True","","","","database","fintmp","","","False","False","","","","","","select","True","finappadm","chandras","","","","rajdeep","chandrakant","andrash","finprdtld","sharmas","giriv","sparkline","","","","True","55","True","4","","","","",""
"","","","","","","","","","","","","column","*","","","False","False","","","","","","update","True","","","","","","","","","","","","","","","","","","","","","","","",""
"","","","","","","","","","","","","table","*","","","False","False","","","","","","create","True","","","","","","","","","","","","","","","","","","","","","","","",""
"","","","","","","","","","","","","","","","","","","","","","","","drop","True","","","","","","","","","","","","","","","","","","","","","","","",""
"","","","","","","","","","","","","","","","","","","","","","","","alter","True","","","","","","","","","","","","","","","","","","","","","","","",""
"","","","","","","","","","","","","","","","","","","","","","","","index","True","","","","","","","","","","","","","","","","","","","","","","","",""
"","","","","","","","","","","","","","","","","","","","","","","","lock","True","","","","","","","","","","","","","","","","","","","","","","","",""
"","","","","","","","","","","","","","","","","","","","","","","","all","True","","","","","","","","","","","","","","","","","","","","","","","",""
"","","","","","","","","","","","","","","","","","","","","","","","select","True","","","finance","presto","","","","","","","","","","","","False","","","","","","","",""
"","","","","","","","","","","","","","","","","","","","","","","","index","True","","","","","","","","","","","","","","","","","","","","","","","",""
"","","","","dlxprd_hive","finbkp","0","Created finbkp policy on 5th June as per finance team request","True","","","","database","finbkp","","","False","False","","","","","","select","True","chandras","chandrakant","","","","finprdtld","andrash","sharmas","rajdeep","giriv","","","","","","True","56","True","4","","","","",""
"","","","","","","","","","","","","column","*","","","False","False","","","","","","update","True","","","","","","","","","","","","","","","","","","","","","","","",""
"","","","","","","","","","","","","table","*","","","False","False","","","","","","create","True","","","","","","","","","","","","","","","","","","","","","","","",""
"","","","","","","","","","","","","","","","","","","","","","","","drop","True","","","","","","","","","","","","","","","","","","","","","","","",""
"","","","","","","","","","","","","","","","","","","","","","","","alter","True","","","","","","","","","","","","","","","","","","","","","","","",""
"","","","","","","","","","","","","","","","","","","","","","","","index","True","","","","","","","","","","","","","","","","","","","","","","","",""
"","","","","","","","","","","","","","","","","","","","","","","","lock","True","","","","","","","","","","","","","","","","","","","","","","","",""
"","","","","","","","","","","","","","","","","","","","","","","","all","True","","","","","","","","","","","","","","","","","","","","","","","",""
"","","","","","","","","","","","","","","","","","","","","","","","select","True","","","finance","newfinance","presto","","","","","","","","","","","False","","","","","","","",""
"","","","","","","","","","","","","","","","","","","","","","","","update","True","","","","","","","","","","","","","","","","","","","","","","","",""
"","","","","","","","","","","","","","","","","","","","","","","","create","True","","","","","","","","","","","","","","","","","","","","","","","",""
"","","","","","","","","","","","","","","","","","","","","","","","alter","True","","","","","","","","","","","","","","","","","","","","","","","",""
"","","","","","","","","","","","","","","","","","","","","","","","index","True","","","","","","","","","","","","","","","","","","","","","","","",""
"","","","","","","","","","","","","","","","","","","","","","","","lock","True","","","","","","","","","","","","","","","","","","","","","","","",""
"","","","","","","","","","","","","","","","","","","","","","","","all","True","","","","","","","","","","","","","","","","","","","","","","","",""
"","","","","dlxprd_hive","aveekc","0","aveekc_test","True","","","","database","default","","","False","False","","","","","","select","True","aveekc","","","","","","","","","","","","","","","False","57","True","1","","","","",""
"","","","","","","","","","","","","column","*","","","False","False","","","","","","","","","","","","","","","","","","","","","","","","","","","","","","",""
"","","","","","","","","","","","","table","t1","","","False","False","","","","","","","","","","","","","","","","","","","","","","","","","","","","","","",""
"","","","","dlxprd_hive","mdp_ipm_ul_ro","0","Policy for UL tables in IPM Database for GE HealthCare","True","","","","database","ipm","","","False","False","","","","","","select","True","","","g00022","","","","","","","","","","","","","False","59","True","1","","","","",""
"","","","","","","","","","","","","column","*","","","False","False","","","","","","","","","","","","","","","","","","","","","","","","","","","","","","",""
"","","","","","","","","","","","","table","*ul_ipm_*","","","False","False","","","","","","","","","","","","","","","","","","","","","","","","","","","","","","",""
"","","","","dlxprd_hive","mdp_ipm_mamo_ro","0","Policy for mamo tables in IPM database for GE HealthCare","True","","","","database","ipm","","","False","False","","","","","","","","","","","","","","","","","","","","","","","","60","True","1","","","","",""
"","","","","","","","","","","","","column","*","","","False","False","","","","","","","","","","","","","","","","","","","","","","","","","","","","","","",""
"","","","","","","","","","","","","table","*xr_mamo_ipm_*","","","False","False","","","","","","","","","","","","","","","","","","","","","","","","","","","","","","",""
"","","","","dlxprd_hive","mdp_ipm_vasc_ro","0","Policy for vasc tables in IPM database for GE HealthCare.","True","","","","database","ipm","","","False","False","","","","","","","","","","","","","","","","","","","","","","","","61","True","1","","","","",""
"","","","","","","","","","","","","column","*","","","False","False","","","","","","","","","","","","","","","","","","","","","","","","","","","","","","",""
"","","","","","","","","","","","","table","*xr_vasc_ipm_*","","","False","False","","","","","","","","","","","","","","","","","","","","","","","","","","","","","","",""
"","","","","dlxprd_hive","mdp_ipm_radm_ro","0","Policy for radm tables in IPM database for GE HealthCare","True","","","","database","ipm","","","False","False","","","","","","","","","","","","","","","","","","","","","","","","62","True","1","","","","",""
"","","","","","","","","","","","","column","*","","","False","False","","","","","","","","","","","","","","","","","","","","","","","","","","","","","","",""
"","","","","","","","","","","","","table","*xr_radm_ipm_*","","","False","False","","","","","","","","","","","","","","","","","","","","","","","","","","","","","","",""
"","","","","dlxprd_hive","mdp_ipm_mr_ro","0","Policy for MR tables in IPM database for GE HealthCare","True","","","","database","ipm","","","False","False","","","","","","","","","","","","","","","","","","","","","","","","63","True","1","","","","",""
"","","","","","","","","","","","","column","*","","","False","False","","","","","","","","","","","","","","","","","","","","","","","","","","","","","","",""
"","","","","","","","","","","","","table","*mr_ipm_*","","","False","False","","","","","","","","","","","","","","","","","","","","","","","","","","","","","","",""
"","","","","dlxprd_hive","mdp_ipm_ct_ro","0","Policy for CT tables in IPM database for GE HealthCare.","True","","","","database","ipm","","","False","False","","","","","","","","","","","","","","","","","","","","","","","","64","True","1","","","","",""
"","","","","","","","","","","","","column","*","","","False","False","","","","","","","","","","","","","","","","","","","","","","","","","","","","","","",""
"","","","","","","","","","","","","table","*ct_ipm*","","","False","False","","","","","","","","","","","","","","","","","","","","","","","","","","","","","","",""
"","","","","dlxprd_hive","data_watch","0","Create policy for Regarding incident INC0073996","True","","","","database","data_watch","","","False","False","","","","","","select","True","502738238","","ops","","","","","","","","","","","","","True","65","True","5","","","","",""
"","","","","","","","","","","","","column","*","","","False","False","","","","","","update","True","","","","","","","","","","","","","","","","","","","","","","","",""
"","","","","","","","","","","","","table","*","","","False","False","","","","","","create","True","","","","","","","","","","","","","","","","","","","","","","","",""
"","","","","","","","","","","","","","","","","","","","","","","","drop","True","","","","","","","","","","","","","","","","","","","","","","","",""
"","","","","","","","","","","","","","","","","","","","","","","","alter","True","","","","","","","","","","","","","","","","","","","","","","","",""
"","","","","","","","","","","","","","","","","","","","","","","","index","True","","","","","","","","","","","","","","","","","","","","","","","",""
"","","","","","","","","","","","","","","","","","","","","","","","lock","True","","","","","","","","","","","","","","","","","","","","","","","",""
"","","","","","","","","","","","","","","","","","","","","","","","all","True","","","","","","","","","","","","","","","","","","","","","","","",""
"","","","","","","","","","","","","","","","","","","","","","","","select","True","lg581099","","","","","","","","","","","","","","","False","","","","","","","",""
"","","","","","","","","","","","","","","","","","","","","","","","update","True","","","","","","","","","","","","","","","","","","","","","","","",""
"","","","","","","","","","","","","","","","","","","","","","","","create","True","","","","","","","","","","","","","","","","","","","","","","","",""
"","","","","","","","","","","","","","","","","","","","","","","","drop","True","","","","","","","","","","","","","","","","","","","","","","","",""
"","","","","","","","","","","","","","","","","","","","","","","","alter","True","","","","","","","","","","","","","","","","","","","","","","","",""
"","","","","","","","","","","","","","","","","","","","","","","","index","True","","","","","","","","","","","","","","","","","","","","","","","",""
"","","","","","","","","","","","","","","","","","","","","","","","lock","True","","","","","","","","","","","","","","","","","","","","","","","",""
"","","","","","","","","","","","","","","","","","","","","","","","all","True","","","","","","","","","","","","","","","","","","","","","","","",""
"","","","","dlxprd_hive","mdp_conf","0","Added policy regarding incident:INC0073996","True","","","","database","mdpconfig","ipm","datawatch","False","False","","","","","","select","True","lg581099","","ops","g00022","","","","","","","","","","","","False","66","True","4","","","","",""
"","","","","","","","","","","","","column","*","","","False","False","","","","","","update","True","","","","","","","","","","","","","","","","","","","","","","","",""
"","","","","","","","","","","","","table","*","","","False","False","","","","","","create","True","","","","","","","","","","","","","","","","","","","","","","","",""
"","","","","","","","","","","","","","","","","","","","","","","","drop","True","","","","","","","","","","","","","","","","","","","","","","","",""
"","","","","","","","","","","","","","","","","","","","","","","","alter","True","","","","","","","","","","","","","","","","","","","","","","","",""
"","","","","","","","","","","","","","","","","","","","","","","","index","True","","","","","","","","","","","","","","","","","","","","","","","",""
"","","","","","","","","","","","","","","","","","","","","","","","lock","True","","","","","","","","","","","","","","","","","","","","","","","",""
"","","","","","","","","","","","","","","","","","","","","","","","all","True","","","","","","","","","","","","","","","","","","","","","","","",""
"","","","","","","","","","","","","","","","","","","","","","","","select","True","502738238","senthiln","","","","","","","","","","","","","","True","","","","","","","",""
"","","","","","","","","","","","","","","","","","","","","","","","update","True","","","","","","","","","","","","","","","","","","","","","","","",""
"","","","","","","","","","","","","","","","","","","","","","","","create","True","","","","","","","","","","","","","","","","","","","","","","","",""
"","","","","","","","","","","","","","","","","","","","","","","","drop","True","","","","","","","","","","","","","","","","","","","","","","","",""
"","","","","","","","","","","","","","","","","","","","","","","","alter","True","","","","","","","","","","","","","","","","","","","","","","","",""
"","","","","","","","","","","","","","","","","","","","","","","","index","True","","","","","","","","","","","","","","","","","","","","","","","",""
"","","","","","","","","","","","","","","","","","","","","","","","lock","True","","","","","","","","","","","","","","","","","","","","","","","",""
"","","","","","","","","","","","","","","","","","","","","","","","all","True","","","","","","","","","","","","","","","","","","","","","","","",""
"","","","","dlxprd_hive","fincustom","0","fincustom for incident INC0074220","True","","","","database","fincustom","","","False","False","","","","","","select","True","chandrakant","chandras","finance","","","","","","","","","","","","","True","67","True","5","","","","",""
"","","","","","","","","","","","","column","*","","","False","False","","","","","","update","True","","","","","","","","","","","","","","","","","","","","","","","",""
"","","","","","","","","","","","","table","*","","","False","False","","","","","","create","True","","","","","","","","","","","","","","","","","","","","","","","",""
"","","","","","","","","","","","","","","","","","","","","","","","drop","True","","","","","","","","","","","","","","","","","","","","","","","",""
"","","","","","","","","","","","","","","","","","","","","","","","alter","True","","","","","","","","","","","","","","","","","","","","","","","",""
"","","","","","","","","","","","","","","","","","","","","","","","index","True","","","","","","","","","","","","","","","","","","","","","","","",""
"","","","","","","","","","","","","","","","","","","","","","","","lock","True","","","","","","","","","","","","","","","","","","","","","","","",""
"","","","","","","","","","","","","","","","","","","","","","","","all","True","","","","","","","","","","","","","","","","","","","","","","","",""
"","","","","","","","","","","","","","","","","","","","","","","","select","True","502574885","presto","","","","307003022","chandras","finprdtld","","","","","","","","False","","","","","","","",""
"","","","","","","","","","","","","","","","","","","","","","","","update","True","","","","","","","","","","","","","","","","","","","","","","","",""
"","","","","","","","","","","","","","","","","","","","","","","","create","True","","","","","","","","","","","","","","","","","","","","","","","",""
"","","","","","","","","","","","","","","","","","","","","","","","drop","True","","","","","","","","","","","","","","","","","","","","","","","",""
"","","","","","","","","","","","","","","","","","","","","","","","alter","True","","","","","","","","","","","","","","","","","","","","","","","",""
"","","","","","","","","","","","","","","","","","","","","","","","index","True","","","","","","","","","","","","","","","","","","","","","","","",""
"","","","","","","","","","","","","","","","","","","","","","","","lock","True","","","","","","","","","","","","","","","","","","","","","","","",""
"","","","","","","","","","","","","","","","","","","","","","","","all","True","","","","","","","","","","","","","","","","","","","","","","","",""
"","","","","dlxprd_hive","test_g00022","0","","True","","","","database","g00022","onwatch","","False","False","","","","","","select","True","veeramav","","","","","","","","","","","","","","","False","68","True","1","","","","",""
"","","","","","","","","","","","","column","*","","","False","False","","","","","","update","True","","","","","","","","","","","","","","","","","","","","","","","",""
"","","","","","","","","","","","","table","*","","","False","False","","","","","","create","True","","","","","","","","","","","","","","","","","","","","","","","",""
"","","","","","","","","","","","","","","","","","","","","","","","drop","True","","","","","","","","","","","","","","","","","","","","","","","",""
"","","","","","","","","","","","","","","","","","","","","","","","alter","True","","","","","","","","","","","","","","","","","","","","","","","",""
"","","","","","","","","","","","","","","","","","","","","","","","index","True","","","","","","","","","","","","","","","","","","","","","","","",""
"","","","","","","","","","","","","","","","","","","","","","","","lock","True","","","","","","","","","","","","","","","","","","","","","","","",""
"","","","","","","","","","","","","","","","","","","","","","","","all","True","","","","","","","","","","","","","","","","","","","","","","","",""
"","","","","dlxprd_hive","em_db for GE Energy connections","0","Added for GE energy connections","True","","","","database","em_db","","","False","False","","","","","","select","True","lg779244","","","","","","","","","","","","","","","False","69","True","1","","","","",""
"","","","","","","","","","","","","column","*","","","False","False","","","","","","update","True","","","","","","","","","","","","","","","","","","","","","","","",""
"","","","","","","","","","","","","table","*","","","False","False","","","","","","create","True","","","","","","","","","","","","","","","","","","","","","","","",""
"","","","","","","","","","","","","","","","","","","","","","","","drop","True","","","","","","","","","","","","","","","","","","","","","","","",""
"","","","","","","","","","","","","","","","","","","","","","","","alter","True","","","","","","","","","","","","","","","","","","","","","","","",""
"","","","","","","","","","","","","","","","","","","","","","","","index","True","","","","","","","","","","","","","","","","","","","","","","","",""
"","","","","","","","","","","","","","","","","","","","","","","","lock","True","","","","","","","","","","","","","","","","","","","","","","","",""
"","","","","","","","","","","","","","","","","","","","","","","","all","True","","","","","","","","","","","","","","","","","","","","","","","",""
"","","","","dlxprd_hive","all url","0","all url","True","*","False","True","","","","","","","","","","","","select","True","lg581099","ramkee","g00022","finance","","finprdtld","","","","","","","","","","False","70","True","3","","","","",""
"","","","","","","","","","","","","","","","","","","","","","","","update","True","","","","","","","","","","","","","","","","","","","","","","","",""
"","","","","","","","","","","","","","","","","","","","","","","","create","True","","","","","","","","","","","","","","","","","","","","","","","",""
"","","","","","","","","","","","","","","","","","","","","","","","drop","True","","","","","","","","","","","","","","","","","","","","","","","",""
"","","","","","","","","","","","","","","","","","","","","","","","alter","True","","","","","","","","","","","","","","","","","","","","","","","",""
"","","","","","","","","","","","","","","","","","","","","","","","index","True","","","","","","","","","","","","","","","","","","","","","","","",""
"","","","","","","","","","","","","","","","","","","","","","","","lock","True","","","","","","","","","","","","","","","","","","","","","","","",""
"","","","","","","","","","","","","","","","","","","","","","","","all","True","","","","","","","","","","","","","","","","","","","","","","","",""
"","","","","","","","","","","","","","","","","","","","","","","","read","True","","","","","","","","","","","","","","","","","","","","","","","",""
"","","","","","","","","","","","","","","","","","","","","","","","write","True","","","","","","","","","","","","","","","","","","","","","","","",""
"","","","","","","","","","","","","","","","","","","","","","","","repladmin","True","","","","","","","","","","","","","","","","","","","","","","","",""
"","","","","dlxprd_hive","g00103","0","INC0053900","True","","","","database","g00103","em_db","","False","False","","","","","","select","True","lg779244","echadoop","","","","","","","","","","","","","","False","71","True","7","","","","",""
"","","","","","","","","","","","","column","*","","","False","False","","","","","","update","True","","","","","","","","","","","","","","","","","","","","","","","",""
"","","","","","","","","","","","","table","*","","","False","False","","","","","","create","True","","","","","","","","","","","","","","","","","","","","","","","",""
"","","","","","","","","","","","","","","","","","","","","","","","drop","True","","","","","","","","","","","","","","","","","","","","","","","",""
"","","","","","","","","","","","","","","","","","","","","","","","alter","True","","","","","","","","","","","","","","","","","","","","","","","",""
"","","","","","","","","","","","","","","","","","","","","","","","index","True","","","","","","","","","","","","","","","","","","","","","","","",""
"","","","","","","","","","","","","","","","","","","","","","","","lock","True","","","","","","","","","","","","","","","","","","","","","","","",""
"","","","","","","","","","","","","","","","","","","","","","","","all","True","","","","","","","","","","","","","","","","","","","","","","","",""
"","","","","","","","","","","","","","","","","","","","","","","","read","True","","","","","","","","","","","","","","","","","","","","","","","",""
"","","","","","","","","","","","","","","","","","","","","","","","write","True","","","","","","","","","","","","","","","","","","","","","","","",""
"","","","","","","","","","","","","","","","","","","","","","","","repladmin","True","","","","","","","","","","","","","","","","","","","","","","","",""
"","","","","","","","","","","","","","","","","","","","","","","","select","True","gsreadonly","","","","","","","","","","","","","","","False","","","","","","","",""
"","","","","","","","","","","","","","","","","","","","","","","","read","True","","","","","","","","","","","","","","","","","","","","","","","",""
"","","","","dlxprd_hive","GE HealthCare sbox_non_revo","0","GE HealthCare sbox_non_revo","True","","","","database","sbox_ct_non_revo","","","False","False","","","","","","select","True","jayaprasadr","","","","","","","","","","","","","","","False","73","True","1","","","","",""
"","","","","","","","","","","","","column","*","","","False","False","","","","","","update","True","","","","","","","","","","","","","","","","","","","","","","","",""
"","","","","","","","","","","","","table","*","","","False","False","","","","","","create","True","","","","","","","","","","","","","","","","","","","","","","","",""
"","","","","","","","","","","","","","","","","","","","","","","","drop","True","","","","","","","","","","","","","","","","","","","","","","","",""
"","","","","","","","","","","","","","","","","","","","","","","","alter","True","","","","","","","","","","","","","","","","","","","","","","","",""
"","","","","","","","","","","","","","","","","","","","","","","","index","True","","","","","","","","","","","","","","","","","","","","","","","",""
"","","","","","","","","","","","","","","","","","","","","","","","lock","True","","","","","","","","","","","","","","","","","","","","","","","",""
"","","","","","","","","","","","","","","","","","","","","","","","all","True","","","","","","","","","","","","","","","","","","","","","","","",""
"","","","","","","","","","","","","","","","","","","","","","","","read","True","","","","","","","","","","","","","","","","","","","","","","","",""
"","","","","","","","","","","","","","","","","","","","","","","","write","True","","","","","","","","","","","","","","","","","","","","","","","",""
"","","","","","","","","","","","","","","","","","","","","","","","repladmin","True","","","","","","","","","","","","","","","","","","","","","","","",""
"","","","","dlxprd_hive","GEHealthcare sbox_ct_revo","0","GEHealthcare sbox_ct_revo","True","","","","database","sbox_ct_revo","","","False","False","","","","","","select","True","markw","","","","","","","","","","","","","","","False","74","True","2","","","","",""
"","","","","","","","","","","","","column","*","","","False","False","","","","","","update","True","","","","","","","","","","","","","","","","","","","","","","","",""
"","","","","","","","","","","","","table","*","","","False","False","","","","","","create","True","","","","","","","","","","","","","","","","","","","","","","","",""
"","","","","","","","","","","","","","","","","","","","","","","","drop","True","","","","","","","","","","","","","","","","","","","","","","","",""
"","","","","","","","","","","","","","","","","","","","","","","","alter","True","","","","","","","","","","","","","","","","","","","","","","","",""
"","","","","","","","","","","","","","","","","","","","","","","","index","True","","","","","","","","","","","","","","","","","","","","","","","",""
"","","","","","","","","","","","","","","","","","","","","","","","lock","True","","","","","","","","","","","","","","","","","","","","","","","",""
"","","","","","","","","","","","","","","","","","","","","","","","all","True","","","","","","","","","","","","","","","","","","","","","","","",""
"","","","","","","","","","","","","","","","","","","","","","","","read","True","","","","","","","","","","","","","","","","","","","","","","","",""
"","","","","","","","","","","","","","","","","","","","","","","","write","True","","","","","","","","","","","","","","","","","","","","","","","",""
"","","","","","","","","","","","","","","","","","","","","","","","repladmin","True","","","","","","","","","","","","","","","","","","","","","","","",""
"","","","","dlxprd_hive","GEHealthcare sbox_mr","0","GEHealthcare sbox_mr","True","","","","database","sbox_mr","","","False","False","","","","","","select","True","surrendram","","","","","","","","","","","","","","","False","75","True","2","","","","",""
"","","","","","","","","","","","","column","*","","","False","False","","","","","","update","True","","","","","","","","","","","","","","","","","","","","","","","",""
"","","","","","","","","","","","","table","*","","","False","False","","","","","","create","True","","","","","","","","","","","","","","","","","","","","","","","",""
"","","","","","","","","","","","","","","","","","","","","","","","drop","True","","","","","","","","","","","","","","","","","","","","","","","",""
"","","","","","","","","","","","","","","","","","","","","","","","alter","True","","","","","","","","","","","","","","","","","","","","","","","",""
"","","","","","","","","","","","","","","","","","","","","","","","index","True","","","","","","","","","","","","","","","","","","","","","","","",""
"","","","","","","","","","","","","","","","","","","","","","","","lock","True","","","","","","","","","","","","","","","","","","","","","","","",""
"","","","","","","","","","","","","","","","","","","","","","","","all","True","","","","","","","","","","","","","","","","","","","","","","","",""
"","","","","","","","","","","","","","","","","","","","","","","","read","True","","","","","","","","","","","","","","","","","","","","","","","",""
"","","","","","","","","","","","","","","","","","","","","","","","write","True","","","","","","","","","","","","","","","","","","","","","","","",""
"","","","","","","","","","","","","","","","","","","","","","","","repladmin","True","","","","","","","","","","","","","","","","","","","","","","","",""
"","","","","dlxprd_hive","OWD","0","Added OWD policy on Feb9th as per INC0056985","True","","","","database","OWD","","","False","False","","","","","","select","True","lg581099","502738238","","","","","","","","","","","","","","True","77","True","2","","","","",""
"","","","","","","","","","","","","column","*","","","False","False","","","","","","update","True","","","","","","","","","","","","","","","","","","","","","","","",""
"","","","","","","","","","","","","table","*","","","False","False","","","","","","create","True","","","","","","","","","","","","","","","","","","","","","","","",""
"","","","","","","","","","","","","","","","","","","","","","","","drop","True","","","","","","","","","","","","","","","","","","","","","","","",""
"","","","","","","","","","","","","","","","","","","","","","","","alter","True","","","","","","","","","","","","","","","","","","","","","","","",""
"","","","","","","","","","","","","","","","","","","","","","","","index","True","","","","","","","","","","","","","","","","","","","","","","","",""
"","","","","","","","","","","","","","","","","","","","","","","","lock","True","","","","","","","","","","","","","","","","","","","","","","","",""
"","","","","","","","","","","","","","","","","","","","","","","","all","True","","","","","","","","","","","","","","","","","","","","","","","",""
"","","","","","","","","","","","","","","","","","","","","","","","read","True","","","","","","","","","","","","","","","","","","","","","","","",""
"","","","","","","","","","","","","","","","","","","","","","","","write","True","","","","","","","","","","","","","","","","","","","","","","","",""
"","","","","","","","","","","","","","","","","","","","","","","","repladmin","True","","","","","","","","","","","","","","","","","","","","","","","",""
"","","","","dlxprd_hive","EDU","0","Added EDU on 9th Feb  as per INC0056985.","True","","","","database","EDU","","","False","False","","","","","","select","True","lg581099","502738238","","","","","","","","","","","","","","True","78","True","2","","","","",""
"","","","","","","","","","","","","column","*","","","False","False","","","","","","update","True","","","","","","","","","","","","","","","","","","","","","","","",""
"","","","","","","","","","","","","table","*","","","False","False","","","","","","create","True","","","","","","","","","","","","","","","","","","","","","","","",""
"","","","","","","","","","","","","","","","","","","","","","","","drop","True","","","","","","","","","","","","","","","","","","","","","","","",""
"","","","","","","","","","","","","","","","","","","","","","","","alter","True","","","","","","","","","","","","","","","","","","","","","","","",""
"","","","","","","","","","","","","","","","","","","","","","","","index","True","","","","","","","","","","","","","","","","","","","","","","","",""
"","","","","","","","","","","","","","","","","","","","","","","","lock","True","","","","","","","","","","","","","","","","","","","","","","","",""
"","","","","","","","","","","","","","","","","","","","","","","","all","True","","","","","","","","","","","","","","","","","","","","","","","",""
"","","","","","","","","","","","","","","","","","","","","","","","read","True","","","","","","","","","","","","","","","","","","","","","","","",""
"","","","","","","","","","","","","","","","","","","","","","","","write","True","","","","","","","","","","","","","","","","","","","","","","","",""
"","","","","","","","","","","","","","","","","","","","","","","","repladmin","True","","","","","","","","","","","","","","","","","","","","","","","",""
"","","","","dlxprd_hive","md_aggr","0","md_aggr policy added on 9th Feb as per INC0056985","True","","","","database","md_aggr","","","False","False","","","","","","select","True","lg581099","502738238","","","","","","","","","","","","","","True","79","True","3","","","","",""
"","","","","","","","","","","","","column","*","","","False","False","","","","","","update","True","","","","","","","","","","","","","","","","","","","","","","","",""
"","","","","","","","","","","","","table","*","","","False","False","","","","","","create","True","","","","","","","","","","","","","","","","","","","","","","","",""
"","","","","","","","","","","","","","","","","","","","","","","","drop","True","","","","","","","","","","","","","","","","","","","","","","","",""
"","","","","","","","","","","","","","","","","","","","","","","","alter","True","","","","","","","","","","","","","","","","","","","","","","","",""
"","","","","","","","","","","","","","","","","","","","","","","","index","True","","","","","","","","","","","","","","","","","","","","","","","",""
"","","","","","","","","","","","","","","","","","","","","","","","lock","True","","","","","","","","","","","","","","","","","","","","","","","",""
"","","","","","","","","","","","","","","","","","","","","","","","all","True","","","","","","","","","","","","","","","","","","","","","","","",""
"","","","","","","","","","","","","","","","","","","","","","","","read","True","","","","","","","","","","","","","","","","","","","","","","","",""
"","","","","","","","","","","","","","","","","","","","","","","","write","True","","","","","","","","","","","","","","","","","","","","","","","",""
"","","","","","","","","","","","","","","","","","","","","","","","repladmin","True","","","","","","","","","","","","","","","","","","","","","","","",""
"","","","","","","","","","","","","","","","","","","","","","","","select","True","","","g00022","","","","","","","","","","","","","False","","","","","","","",""
"","","","","dlxprd_hive","test1","0","test1","True","","","","database","default","","","False","False","","","","","","select","True","test1","dlmonitoring","","","","","","","","","","","","","","False","80","True","3","","","","",""
"","","","","","","","","","","","","column","*","","","False","False","","","","","","update","True","","","","","","","","","","","","","","","","","","","","","","","",""
"","","","","","","","","","","","","table","*","","","False","False","","","","","","create","True","","","","","","","","","","","","","","","","","","","","","","","",""
"","","","","","","","","","","","","","","","","","","","","","","","drop","True","","","","","","","","","","","","","","","","","","","","","","","",""
"","","","","","","","","","","","","","","","","","","","","","","","alter","True","","","","","","","","","","","","","","","","","","","","","","","",""
"","","","","","","","","","","","","","","","","","","","","","","","index","True","","","","","","","","","","","","","","","","","","","","","","","",""
"","","","","","","","","","","","","","","","","","","","","","","","lock","True","","","","","","","","","","","","","","","","","","","","","","","",""
"","","","","","","","","","","","","","","","","","","","","","","","all","True","","","","","","","","","","","","","","","","","","","","","","","",""
"","","","","","","","","","","","","","","","","","","","","","","","read","True","","","","","","","","","","","","","","","","","","","","","","","",""
"","","","","","","","","","","","","","","","","","","","","","","","write","True","","","","","","","","","","","","","","","","","","","","","","","",""
"","","","","","","","","","","","","","","","","","","","","","","","repladmin","True","","","","","","","","","","","","","","","","","","","","","","","",""
"","","","","","","","","","","","","","","","","","","","","","","","select","True","stevenhu","","","","","","","","","","","","","","","False","","","","","","","",""
"","","","","dlxprd_hive","g00106_GPDBUser","0","g00106_GPDBUser","True","","","","database","onwatch","","","False","False","","","","","","select","True","","","g00022","g00106","","","","","","","","","","","","False","81","True","3","","","","",""
"","","","","","","","","","","","","column","*","","","False","False","","","","","","read","True","","","","","","","","","","","","","","","","","","","","","","","",""
"","","","","","","","","","","","","table","*","","","False","False","","","","","","","","","","","","","","","","","","","","","","","","","","","","","","",""
"","","","","dlxprd_hive","DataFetchService","0","INC0059110","True","","","","database","onwatch","md_aggr","mdpconfig","False","False","","","","","","select","True","lg784485","","","","","","","","","","","","","","","False","82","True","1","","","","",""
"","","","","","","","","","","","","column","*","","","False","False","","","","","","","","","","","","","","","","","","","","","","","","","","","","","","",""
"","","","","","","","","","","","","table","*","","","False","False","","","","","","","","","","","","","","","","","","","","","","","","","","","","","","",""
"","","","","dlxprd_hive","spotfire1","0","INC0059879","True","","","","database","owd","edu","","False","False","","","","","","select","True","lg581091","","","","","","","","","","","","","","","False","83","True","2","","","","",""
"","","","","","","","","","","","","column","*","","","False","False","","","","","","select","True","senthiln","","","","","","","","","","","","","","","True","","","","","","","",""
"","","","","","","","","","","","","table","*","","","False","False","","","","","","update","True","","","","","","","","","","","","","","","","","","","","","","","",""
"","","","","","","","","","","","","","","","","","","","","","","","create","True","","","","","","","","","","","","","","","","","","","","","","","",""
"","","","","","","","","","","","","","","","","","","","","","","","drop","True","","","","","","","","","","","","","","","","","","","","","","","",""
"","","","","","","","","","","","","","","","","","","","","","","","alter","True","","","","","","","","","","","","","","","","","","","","","","","",""
"","","","","","","","","","","","","","","","","","","","","","","","index","True","","","","","","","","","","","","","","","","","","","","","","","",""
"","","","","","","","","","","","","","","","","","","","","","","","lock","True","","","","","","","","","","","","","","","","","","","","","","","",""
"","","","","","","","","","","","","","","","","","","","","","","","all","True","","","","","","","","","","","","","","","","","","","","","","","",""
"","","","","","","","","","","","","","","","","","","","","","","","read","True","","","","","","","","","","","","","","","","","","","","","","","",""
"","","","","","","","","","","","","","","","","","","","","","","","write","True","","","","","","","","","","","","","","","","","","","","","","","",""
"","","","","","","","","","","","","","","","","","","","","","","","repladmin","True","","","","","","","","","","","","","","","","","","","","","","","",""
"","","","","dlxprd_hive","spotfire2","0","INC0059879","True","","","","database","owd","md_aggr","","False","False","","","","","","select","True","lg688126","","","","","","","","","","","","","","","False","84","True","1","","","","",""
"","","","","","","","","","","","","column","*","","","False","False","","","","","","","","","","","","","","","","","","","","","","","","","","","","","","",""
"","","","","","","","","","","","","table","*","","","False","False","","","","","","","","","","","","","","","","","","","","","","","","","","","","","","",""
"","","","","dlxprd_hive","xripte","0","INC0067618","True","","","","database","xripte","","","False","False","","","","","","select","True","lg791034","","","","","","","","","","","","","","","False","85","True","2","","","","",""
"","","","","","","","","","","","","column","*","","","False","False","","","","","","update","True","","","","","","","","","","","","","","","","","","","","","","","",""
"","","","","","","","","","","","","table","*","","","False","False","","","","","","create","True","","","","","","","","","","","","","","","","","","","","","","","",""
"","","","","","","","","","","","","","","","","","","","","","","","drop","True","","","","","","","","","","","","","","","","","","","","","","","",""
"","","","","","","","","","","","","","","","","","","","","","","","alter","True","","","","","","","","","","","","","","","","","","","","","","","",""
"","","","","","","","","","","","","","","","","","","","","","","","index","True","","","","","","","","","","","","","","","","","","","","","","","",""
"","","","","","","","","","","","","","","","","","","","","","","","lock","True","","","","","","","","","","","","","","","","","","","","","","","",""
"","","","","","","","","","","","","","","","","","","","","","","","all","True","","","","","","","","","","","","","","","","","","","","","","","",""
"","","","","","","","","","","","","","","","","","","","","","","","read","True","","","","","","","","","","","","","","","","","","","","","","","",""
"","","","","","","","","","","","","","","","","","","","","","","","write","True","","","","","","","","","","","","","","","","","","","","","","","",""
"","","","","","","","","","","","","","","","","","","","","","","","repladmin","True","","","","","","","","","","","","","","","","","","","","","","","",""
"","","","","","","","","","","","","","","","","","","","","","","","select","True","lg784485","","","","","","","","","","","","","","","False","","","","","","","",""
"","","","","","","","","","","","","","","","","","","","","","","","read","True","","","","","","","","","","","","","","","","","","","","","","","",""
